vizinhanca_grupo,vizinhanca
Bronx,Schuylerville
Bronx,Parkchester
Bronx,Co-op City
Bronx,Soundview
Bronx,Williamsbridge
Bronx,Allerton
Bronx,City Island
Bronx,Mount Eden
Bronx,Fieldston
Bronx,Port Morris
Bronx,Highbridge
Bronx,Westchester Square
Bronx,Morris Heights
Bronx,Longwood
Bronx,Mott Haven
Bronx,Spuyten Duyvil
Bronx,Unionport
Bronx,Wakefield
Bronx,Clason Point
Bronx,Eastchester
Bronx,Kingsbridge
Bronx,Concourse
Bronx,Woodlawn
Bronx,University Heights
Bronx,North Riverdale
Bronx,Bronxdale
Bronx,Concourse Village
Bronx,Pelham Bay
Bronx,East Morrisania
Bronx,Castle Hill
Bronx,Baychester
Bronx,Belmont
Bronx,West Farms
Bronx,Tremont
Bronx,Morris Park
Bronx,Melrose
Bronx,Hunts Point
Bronx,Van Nest
Bronx,Mount Hope
Bronx,Edenwald
Bronx,Pelham Gardens
Bronx,Throgs Neck
Bronx,Fordham
Bronx,Claremont Village
Bronx,Morrisania
Bronx,Norwood
Bronx,Olinville
Bronx,Riverdale
Brooklyn,Cypress Hills
Brooklyn,Bensonhurst
Brooklyn,Sunset Park
Brooklyn,Bergen Beach
Brooklyn,Fort Hamilton
Brooklyn,Sheepshead Bay
Brooklyn,Brighton Beach
Brooklyn,Mill Basin
Brooklyn,Sea Gate
Brooklyn,Bay Ridge
Brooklyn,Coney Island
Brooklyn,Columbia St
Brooklyn,Vinegar Hill
Brooklyn,Canarsie
Brooklyn,Borough Park
Brooklyn,Manhattan Beach
Brooklyn,Downtown Brooklyn
Brooklyn,Midwood
Brooklyn,Brownsville
Brooklyn,Navy Yard
Brooklyn,Dyker Heights
Brooklyn,Bath Beach
Brooklyn,Red Hook
Brooklyn,Kensington
Brooklyn,East New York
Brooklyn,Cobble Hill
Brooklyn,Flatlands
Brooklyn,Gowanus
Brooklyn,Carroll Gardens
Brooklyn,Prospect Heights
Brooklyn,Prospect-Lefferts Gardens
Brooklyn,Flatbush
Brooklyn,Bushwick
Brooklyn,Greenpoint
Brooklyn,Windsor Terrace
Brooklyn,Park Slope
Brooklyn,Crown Heights
Brooklyn,Fort Greene
Brooklyn,Williamsburg
Brooklyn,South Slope
Brooklyn,Bedford-Stuyvesant
Brooklyn,Clinton Hill
Brooklyn,Boerum Hill
Brooklyn,DUMBO
Brooklyn,Brooklyn Heights
Brooklyn,East Flatbush
Brooklyn,Gravesend
Manhattan,Two Bridges
Manhattan,West Village
Manhattan,Little Italy
Manhattan,Nolita
Manhattan,Marble Hill
Manhattan,Chelsea
Manhattan,Theater District
Manhattan,Stuyvesant Town
Manhattan,Upper East Side
Manhattan,SoHo
Manhattan,Kips Bay
Manhattan,Inwood
Manhattan,East Village
Manhattan,Greenwich Village
Manhattan,Lower East Side
Manhattan,Washington Heights
Manhattan,Chinatown
Manhattan,Tribeca
Manhattan,Financial District
Manhattan,Battery Park City
Manhattan,Gramercy
Manhattan,NoHo
Manhattan,East Harlem
Manhattan,Harlem
Manhattan,Murray Hill
Manhattan,Morningside Heights
Manhattan,Roosevelt Island
Manhattan,Hell's Kitchen
Manhattan,Midtown
Manhattan,Upper West Side
Manhattan,Flatiron District
Manhattan,Civic Center
Queens,Belle Harbor
Queens,Fresh Meadows
Queens,Springfield Gardens
Queens,Edgemere
Queens,Howard Beach
Queens,Rockaway Beach
Queens,Jamaica Estates
Queens,Jamaica Hills
Queens,Forest Hills
Queens,Far Rockaway
Queens,South Ozone Park
Queens,Corona
Queens,Douglaston
Queens,Hollis
Queens,Elmhurst
Queens,Holliswood
Queens,Laurelton
Queens,Neponsit
Queens,Rosedale
Queens,Queens Village
Queens,Ozone Park
Queens,Bayswater
Queens,College Point
Queens,Jackson Heights
Queens,Sunnyside
Queens,Bayside
Queens,Breezy Point
Queens,Ridgewood
Queens,Flushing
Queens,Cambria Heights
Queens,Little Neck
Queens,East Elmhurst
Queens,Jamaica
Queens,Middle Village
Queens,Ditmars Steinway
Queens,Briarwood
Queens,Arverne
Queens,Glendale
Queens,Kew Gardens
Queens,Astoria
Queens,Richmond Hill
Queens,Bellerose
Queens,Whitestone
Queens,Maspeth
Queens,Long Island City
Queens,Bay Terrace
Queens,Rego Park
Queens,Kew Gardens Hills
Queens,St. Albans
Queens,Woodside
Queens,Woodhaven
Staten Island,New Dorp Beach
Staten Island,Prince's Bay
Staten Island,Grant City
Staten Island,New Dorp
Staten Island,Westerleigh
Staten Island,Bull's Head
Staten Island,Bay Terrace
Staten Island,Huguenot
Staten Island,Rossville
Staten Island,Oakwood
Staten Island,Rosebank
Staten Island,Arden Heights
Staten Island,South Beach
Staten Island,Fort Wadsworth
Staten Island,Concord
Staten Island,Richmondtown
Staten Island,St. George
Staten Island,Tompkinsville
Staten Island,Emerson Hill
Staten Island,Shore Acres
Staten Island,Arrochar
Staten Island,Clifton
Staten Island,Graniteville
Staten Island,Stapleton
Staten Island,New Springville
Staten Island,Tottenville
Staten Island,Mariners Harbor
Staten Island,Port Richmond
Staten Island,Woodrow
Staten Island,Eltingville
Staten Island,Lighthouse Hill
Staten Island,West Brighton
Staten Island,Great Kills
Staten Island,Dongan Hills
Staten Island,Castleton Corners
Staten Island,Randall Manor
Staten Island,Todt Hill
Staten Island,Silver Lake
Staten Island,Grymes Hill
Staten Island,New Brighton
Staten Island,Midland Beach
Staten Island,Howland Hook
Staten Island,Willowbrook
